id,codigo,titulo,fecha,ficheros
14811,3463,BARÓMETRO DE JUNIO 2024,2024-06-01,
14803,3457,BARÓMETRO DE MAYO 2024,2024-05-03,
14788,3450,BARÓMETRO DE ABRIL 2024,2024-04-01,
14779,3445,BARÓMETRO DE MARZO 2024,2024-03-01,
14774,3441,BARÓMETRO DE FEBRERO 2024,2024-02-01,
14767,3435,BARÓMETRO DE ENERO 2024,2024-01-02,
14760,3431,BARÓMETRO DE DICIEMBRE 2023,2023-12-01,
14757,3427,BARÓMETRO DE NOVIEMBRE 2023,2023-11-01,
14749,3423,BARÓMETRO DE OCTUBRE 2023,2023-10-02,
14752,3420,BARÓMETRO DE SEPTIEMBRE 2023. POSTELECTORAL ELECCIONES GENERALES 2023,2023-09-01,
14729,3413,BARÓMETRO DE JULIO 2023,2023-07-01,
14723,3410,BARÓMETRO DE JUNIO 2023. POSTELECTORAL ELECCIONES MUNICIPALES Y AUTONÓMICAS 2023,2023-06-01,
14713,3405,BARÓMETRO DE MAYO 2023,2023-05-03,
14704,3403,BARÓMETRO DE ABRIL 2023,2023-04-01,
14695,3398,BARÓMETRO DE MARZO 2023,2023-03-01,
14692,3395,BARÓMETRO DE FEBRERO 2023,2023-02-01,
14686,3390,BARÓMETRO DE ENERO 2023,2023-01-02,
14676,3388,BARÓMETRO DE DICIEMBRE 2022,2022-12-01,
14673,3384,BARÓMETRO DE NOVIEMBRE 2022,2022-11-02,
14666,3380,BARÓMETRO DE OCTUBRE 2022,2022-10-01,
14658,3375,BARÓMETRO DE SEPTIEMBRE 2022,2022-09-01,
14644,3371,BARÓMETRO DE JULIO 2022,2022-07-01,
14634,3366,BARÓMETRO DE JUNIO 2022,2022-06-01,
14630,3363,BARÓMETRO DE MAYO 2022,2022-05-03,
14623,3359,BARÓMETRO DE ABRIL 2022,2022-04-01,
14616,3355,BARÓMETRO DE MARZO 2022,2022-03-01,
14611,3351,BARÓMETRO DE FEBRERO 2022,2022-02-01,
14604,3347,BARÓMETRO DE ENERO 2022,2022-01-03,
14596,3344,BARÓMETRO DE DICIEMBRE 2021,2021-12-01,
14595,3340,BARÓMETRO DE NOVIEMBRE 2021,2021-11-02,
14587,3337,BARÓMETRO DE OCTUBRE 2021,2021-10-01,
14580,3334,BARÓMETRO DE SEPTIEMBRE 2021,2021-09-01,
14577,3330,BARÓMETRO DE JULIO 2021,2021-07-02,
14572,3326,BARÓMETRO DE JUNIO 2021,2021-06-02,
14567,3322,BARÓMETRO DE MAYO 2021,2021-05-04,
14560,3318,BARÓMETRO DE ABRIL 2021,2021-04-05,
14553,3313,BARÓMETRO DE MARZO 2021,2021-03-01,
14549,3309,BARÓMETRO DE FEBRERO 2021,2021-02-03,
14543,3307,BARÓMETRO DE ENERO 2021,2021-01-07,
14536,3303,BARÓMETRO DE DICIEMBRE 2020,2020-12-01,
14532,3300,BARÓMETRO DE NOVIEMBRE 2020,2020-11-03,
14527,3296,BARÓMETRO DE OCTUBRE 2020,2020-10-01,
14519,3292,BARÓMETRO DE SEPTIEMBRE 2020,2020-09-01,
14515,3288,BARÓMETRO DE JULIO 2020,2020-07-01,
14510,3283,BARÓMETRO DE JUNIO 2020,2020-06-01,
14508,3281,BARÓMETRO DE MAYO 2020,2020-05-04,
14505,3279,BARÓMETRO DE ABRIL 2020,2020-04-01,
14493,3277,BARÓMETRO DE MARZO 2020,2020-03-01,
14485,3273,BARÓMETRO DE FEBRERO 2020,2020-02-01,
14482,3271,BARÓMETRO DE ENERO 2020,2020-01-02,
14479,3269,BARÓMETRO DE DICIEMBRE 2019. POSTELECTORAL ELECCIONES GENERALES 2019,2019-12-01,
14476,3267,BARÓMETRO DE NOVIEMBRE 2019,2019-11-01,
14469,3261,BARÓMETRO DE SEPTIEMBRE 2019,2019-09-01,
14462,3257,BARÓMETRO DE JULIO 2019,2019-07-01,
14458,3252,BARÓMETRO DE JUNIO 2019,2019-06-01,
14452,3247,BARÓMETRO DE MAYO 2019,2019-05-01,
14444,3240,BARÓMETRO DE FEBRERO 2019,2019-02-01,
14442,3238,BARÓMETRO DE ENERO 2019,2019-01-01,
14439,3234,BARÓMETRO DE DICIEMBRE 2018,2018-12-01,
14435,3231,BARÓMETRO DE NOVIEMBRE 2018,2018-11-01,
14430,3226,BARÓMETRO DE OCTUBRE 2018,2018-10-01,
14424,3223,BARÓMETRO DE SEPTIEMBRE 2018,2018-09-01,
14416,3219,BARÓMETRO DE JULIO 2018,2018-07-01,
14404,3217,BARÓMETRO DE JUNIO 2018,2018-06-01,
14399,3213,BARÓMETRO DE MAYO 2018,2018-05-01,
14391,3210,BARÓMETRO DE ABRIL 2018,2018-04-01,
14387,3207,BARÓMETRO DE MARZO 2018,2018-03-01,
14383,3205,BARÓMETRO DE FEBRERO 2018,2018-02-01,
14381,3203,BARÓMETRO DE ENERO 2018,2018-01-02,
14377,3199,BARÓMETRO DE DICIEMBRE 2017,2017-12-01,
14370,3195,BARÓMETRO DE NOVIEMBRE 2017,2017-11-01,
14364,3191,BARÓMETRO DE OCTUBRE 2017,2017-10-02,
14359,3187,BARÓMETRO DE SEPTIEMBRE 2017,2017-09-01,
14352,3183,BARÓMETRO DE JULIO 2017,2017-07-01,
14345,3179,BARÓMETRO DE JUNIO 2017,2017-06-01,
14339,3175,BARÓMETRO DE MAYO 2017,2017-05-01,
14338,3173,BARÓMETRO DE ABRIL 2017,2017-04-01,
14333,3170,BARÓMETRO DE MARZO 2017,2017-03-01,
14329,3168,BARÓMETRO DE FEBRERO 2017,2017-02-01,
14325,3164,BARÓMETRO DE ENERO 2017,2017-01-02,
14320,3162,BARÓMETRO DE DICIEMBRE 2016,2016-12-01,
14312,3159,BARÓMETRO DE NOVIEMBRE 2016,2016-11-01,
14311,3156,BARÓMETRO DE OCTUBRE 2016,2016-10-01,
14298,3149,BARÓMETRO DE SEPTIEMBRE 2016,2016-09-03,
14293,3146,BARÓMETRO DE JULIO 2016. OPINIÓN PÚBLICA Y POLÍTICA FISCAL (XXXIII),2016-07-01,
14289,3142,BARÓMETRO DE JUNIO 2016,2016-06-01,
14282,3138,BARÓMETRO DE MAYO 2016,2016-05-01,
14277,3134,BARÓMETRO DE ABRIL 2016,2016-04-01,
14272,3131,BARÓMETRO DE MARZO 2016,2016-03-01,
14263,3128,BARÓMETRO DE FEBRERO 2016,2016-02-01,
14256,3124,BARÓMETRO DE ENERO 2016,2016-01-02,
14250,3121,BARÓMETRO DE DICIEMBRE 2015,2015-12-01,
14248,3118,BARÓMETRO DE NOVIEMBRE 2015,2015-11-01,
14243,3114,BARÓMETRO DE OCTUBRE 2015,2015-10-01,
14234,3109,BARÓMETRO DE SEPTIEMBRE 2015,2015-09-02,
14228,3104,BARÓMETRO DE JULIO 2015,2015-07-01,
14212,3101,BARÓMETRO DE JUNIO 2015,2015-06-02,
14198,3082,BARÓMETRO DE MAYO 2015,2015-05-01,
14179,3080,BARÓMETRO DE ABRIL 2015,2015-04-01,
14168,3057,BARÓMETRO DE MARZO 2015,2015-03-02,
14158,3052,BARÓMETRO DE FEBRERO 2015,2015-02-02,
14141,3050,BARÓMETRO DE ENERO 2015,2015-01-02,
14138,3047,BARÓMETRO DE DICIEMBRE 2014,2014-12-01,
14127,3045,BARÓMETRO DE NOVIEMBRE 2014,2014-11-04,
14119,3041,BARÓMETRO DE OCTUBRE 2014,2014-10-01,
14107,3038,BARÓMETRO DE SEPTIEMBRE 2014,2014-09-02,
14099,3033,BARÓMETRO DE JULIO 2014,2014-07-01,
14090,3029,BARÓMETRO DE JUNIO 2014,2014-06-02,
14080,3024,BARÓMETRO DE MAYO 2014,2014-05-01,
14067,3021,BARÓMETRO DE ABRIL 2014,2014-04-01,
14054,3017,BARÓMETRO DE MARZO 2014,2014-03-01,
14043,3013,BARÓMETRO DE FEBRERO 2014,2014-02-01,
14036,3011,BARÓMETRO DE ENERO 2014,2014-01-03,
14020,3008,BARÓMETRO DE DICIEMBRE 2013,2013-12-01,
14005,3005,BARÓMETRO DE NOVIEMBRE 2013,2013-11-01,
14029,3001,BARÓMETRO DE OCTUBRE 2013,2013-10-01,
14028,2997,BARÓMETRO DE SEPTIEMBRE 2013,2013-09-03,
14014,2993,BARÓMETRO DE JULIO 2013,2013-07-01,
14012,2990,BARÓMETRO DE JUNIO 2013,2013-06-03,
14010,2987,BARÓMETRO DE MAYO 2013,2013-05-01,
14009,2984,BARÓMETRO DE ABRIL 2013,2013-04-01,
13704,2981,BARÓMETRO DE MARZO 2013,2013-03-01,
13664,2978,BARÓMETRO DE FEBRERO 2013,2013-02-04,
13504,2976,BARÓMETRO DE ENERO 2013,2013-01-04,
13364,2972,BARÓMETRO DE DICIEMBRE 2012,2012-12-01,
13204,2966,BARÓMETRO DE NOVIEMBRE 2012,2012-11-05,
13224,2960,BARÓMETRO DE OCTUBRE 2012,2012-10-02,
13104,2954,BARÓMETRO DE SEPTIEMBRE 2012,2012-09-03,
12944,2951,BARÓMETRO DE JULIO 2012,2012-07-02,
12884,2948,BARÓMETRO DE JUNIO 2012,2012-06-02,
12804,2944,BARÓMETRO DE MAYO 2012,2012-05-03,
12704,2941,BARÓMETRO DE ABRIL 2012,2012-04-07,
12684,2935,BARÓMETRO DE MARZO 2012,2012-03-02,
12564,2932,BARÓMETRO DE FEBRERO 2012,2012-02-01,
12184,2927,BARÓMETRO DE ENERO 2012,2012-01-04,
12104,2923,BARÓMETRO DE DICIEMBRE 2011,2011-12-01,
12024,2917,BARÓMETRO DE NOVIEMBRE 2011,2011-11-02,
11904,2914,BARÓMETRO DE OCTUBRE 2011,2011-10-01,
11844,2911,BARÓMETRO DE SEPTIEMBRE 2011,2011-09-05,
11484,2909,BARÓMETRO DE JULIO 2011,2011-07-04,
11424,2905,BARÓMETRO DE JUNIO 2011,2011-06-02,
11324,2888,BARÓMETRO DE MAYO 2011,2011-05-03,
11264,2885,BARÓMETRO DE ABRIL 2011,2011-04-01,
10824,2864,BARÓMETRO DE MARZO 2011,2011-03-01,
10804,2861,BARÓMETRO DE FEBRERO 2011,2011-02-01,
10784,2859,BARÓMETRO DE ENERO 2011,2011-01-07,
10764,2856,BARÓMETRO DE DICIEMBRE 2010,2010-12-01,
10704,2853,BARÓMETRO DE NOVIEMBRE 2010,2010-11-03,
10642,2847,BARÓMETRO DE OCTUBRE 2010,2010-10-04,
10602,2844,BARÓMETRO DE SEPTIEMBRE 2010,2010-09-03,
10502,2843,BARÓMETRO DE JULIO 2010,2010-07-15,
10462,2838,BARÓMETRO DE JUNIO 2010,2010-06-02,
10422,2836,BARÓMETRO DE MAYO 2010,2010-05-04,
10362,2834,BARÓMETRO DE ABRIL 2010,2010-04-06,
10282,2831,BARÓMETRO DE MARZO 2010,2010-03-02,
10082,2830,BARÓMETRO DE FEBRERO 2010,2010-02-05,
10002,2828,BARÓMETRO DE ENERO 2010,2010-01-09,
9942,2824,BARÓMETRO DE DICIEMBRE 2009,2009-12-01,
9902,2820,BARÓMETRO DE NOVIEMBRE 2009,2009-11-02,
9762,2815,BARÓMETRO DE OCTUBRE 2009,2009-10-07,
9742,2812,BARÓMETRO DE SEPTIEMBRE 2009,2009-09-04,
9660,2811,BARÓMETRO DE JULIO 2009,2009-07-07,
9560,2806,BARÓMETRO DE JUNIO 2009,2009-06-04,
9400,2801,BARÓMETRO DE MAYO 2009,2009-05-13,
9340,2798,BARÓMETRO DE ABRIL 2009,2009-04-14,
9300,2794,BARÓMETRO DE MARZO 2009,2009-03-04,
9160,2788,BARÓMETRO DE FEBRERO 2009,2009-02-04,
9040,2782,BARÓMETRO DE ENERO 2009,2009-01-09,
8960,2781,BARÓMETRO DE DICIEMBRE 2008,2008-12-03,
8920,2778,BARÓMETRO DE NOVIEMBRE 2008,2008-11-03,
8840,2775,BARÓMETRO DE OCTUBRE 2008,2008-10-01,
8720,2771,BARÓMETRO DE SEPTIEMBRE 2008,2008-09-05,
8480,2769,BARÓMETRO DE JULIO 2008,2008-07-07,
8440,2766,BARÓMETRO DE JUNIO 2008,2008-06-18,
8340,2763,BARÓMETRO DE MAYO 2008,2008-05-22,
8220,2761,BARÓMETRO DE ABRIL 2008,2008-04-24,
8200,2758,BARÓMETRO DE MARZO 2008,2008-03-24,
8100,2754,BARÓMETRO DE FEBRERO 2008,2008-02-22,
8020,2749,BARÓMETRO DE ENERO 2008,2008-01-14,
7920,2746,BARÓMETRO DE DICIEMBRE 2007,2007-12-18,
7880,2742,BARÓMETRO DE NOVIEMBRE 2007,2007-11-23,
7780,2735,BARÓMETRO DE OCTUBRE 2007,2007-10-22,
7700,2732,BARÓMETRO DE SEPTIEMBRE 2007,2007-09-24,
7339,2728,BARÓMETRO DE JULIO 2007,2007-07-06,
7259,2724,BARÓMETRO DE JUNIO 2007,2007-06-22,
7199,2705,BARÓMETRO DE MAYO 2007,2007-05-19,
6978,2700,BARÓMETRO DE ABRIL 2007,2007-04-23,
6738,2681,BARÓMETRO DE MARZO 2007,2007-03-17,
6458,2677,BARÓMETRO DE FEBRERO 2007,2007-02-22,
6238,2672,BARÓMETRO DE ENERO 2007,2007-01-22,
6158,2666,BARÓMETRO DE DICIEMBRE 2006,2006-12-13,
6077,2662,BARÓMETRO DE NOVIEMBRE 2006,2006-11-18,
6017,2657,BARÓMETRO DE OCTUBRE 2006,2006-10-18,
5977,2654,BARÓMETRO DE SEPTIEMBRE 2006,2006-09-18,
5797,2651,BARÓMETRO DE JULIO 2006,2006-07-10,
5717,2649,BARÓMETRO DE JUNIO 2006,2006-06-21,
5657,2644,BARÓMETRO DE MAYO 2006,2006-05-22,
5498,2640,BARÓMETRO DE ABRIL 2006,2006-04-24,
5458,2636,BARÓMETRO DE MARZO 2006,2006-03-24,
5438,2635,BARÓMETRO DE FEBRERO 2006,2006-02-20,
5318,2633,BARÓMETRO DE ENERO 2006,2006-01-23,
5177,2630,BARÓMETRO DE DICIEMBRE 2005,2005-12-16,
5118,2625,BARÓMETRO DE NOVIEMBRE 2005,2005-11-15,
4977,2622,BARÓMETRO DE OCTUBRE 2005,2005-10-21,
4917,2618,BARÓMETRO DE SEPTIEMBRE 2005,2005-09-23,
4817,2616,BARÓMETRO DE JULIO 2005,2005-07-13,
4777,2612,BARÓMETRO DE JUNIO 2005,2005-06-06,
4717,2607,BARÓMETRO DE MAYO 2005,2005-05-13,
4676,2602,BARÓMETRO DE ABRIL 2005,2005-04-27,
4656,2597,BARÓMETRO DE MARZO 2005,2005-03-29,
4536,2594,BARÓMETRO DE FEBRERO 2005,2005-02-18,
4476,2589,BARÓMETRO DE ENERO 2005,2005-01-19,
4396,2584,BARÓMETRO DE DICIEMBRE 2004: EXPECTATIVAS 2005,2004-12-15,
4355,2581,BARÓMETRO DE NOVIEMBRE 2004,2004-11-19,
4296,2577,BARÓMETRO DE OCTUBRE 2004,2004-10-21,
4275,2573,BARÓMETRO DE SEPTIEMBRE 2004,2004-09-24,
4034,2570,BARÓMETRO DE JULIO 2004,2004-07-09,
3994,2568,BARÓMETRO DE JUNIO 2004,2004-06-25,
3954,2565,BARÓMETRO DE MAYO 2004,2004-05-27,
3834,2561,BARÓMETRO DE ABRIL 2004,2004-04-22,
3774,2558,BARÓMETRO DE MARZO 2004,2004-03-16,
3734,2556,BARÓMETRO DE FEBRERO 2004,2004-02-20,
3574,2554,BARÓMETRO DE ENERO 2004,2004-01-10,
3552,2548,BARÓMETRO DE DICIEMBRE 2003: EXPECTATIVAS 2004,2003-12-10,
3371,2545,BARÓMETRO DE NOVIEMBRE 2003,2003-11-14,
3330,2541,BARÓMETRO DE OCTUBRE 2003,2003-10-25,
3229,2535,BARÓMETRO DE SEPTIEMBRE 2003,2003-09-05,
2987,2531,BARÓMETRO DE JULIO 2003,2003-07-02,
2967,2528,BARÓMETRO DE JUNIO 2003,2003-06-17,
2887,2511,BARÓMETRO DE MAYO 2003,2003-05-16,
2662,2508,BARÓMETRO DE ABRIL 2003,2003-04-24,
2886,2483,BARÓMETRO DE MARZO 2003,2003-03-15,
2562,2481,BARÓMETRO DE FEBRERO 2003,2003-02-21,
2271,2477,BARÓMETRO DE ENERO 2003,2003-01-21,
2291,2474,BARÓMETRO DE DICIEMBRE 2002: EXPECTATIVAS 2003,2002-12-10,
2499,2471,BARÓMETRO DE NOVIEMBRE 2002,2002-11-16,
2498,2468,BARÓMETRO DE OCTUBRE 2002,2002-10-16,
2497,2466,BARÓMETRO DE SEPTIEMBRE 2002,2002-09-24,
2129,2463,BARÓMETRO DE JULIO 2002,2002-07-16,
2496,2459,BARÓMETRO DE JUNIO 2002,2002-06-26,
2183,2457,BARÓMETRO DE MAYO 2002,2002-05-20,
2177,2454,BARÓMETRO DE ABRIL 2002,2002-04-16,
2174,2452,BARÓMETRO DE MARZO 2002,2002-03-16,
2171,2448,BARÓMETRO DE FEBRERO 2002,2002-02-22,
2020,2444,BARÓMETRO DE ENERO 2002,2002-01-27,
1432,2441,BARÓMETRO DE DICIEMBRE 2001: EXPECTATIVAS 2002,2001-12-11,
1431,2439,BARÓMETRO DE NOVIEMBRE 2001,2001-11-21,
1430,2433,BARÓMETRO DE OCTUBRE 2001,2001-10-24,
1429,2429,BARÓMETRO DE SEPTIEMBRE 2001,2001-09-13,
1409,2428,BARÓMETRO DE JULIO 2001,2001-07-13,
1407,2423,BARÓMETRO DE JUNIO 2001,2001-06-19,
1405,2419,BARÓMETRO DE MAYO 2001,2001-05-22,
1402,2415,BARÓMETRO DE ABRIL 2001,2001-04-20,
1390,2411,BARÓMETRO DE MARZO 2001,2001-03-19,
1389,2409,BARÓMETRO DE FEBRERO 2001,2001-02-16,
1387,2406,BARÓMETRO DE ENERO 2001,2001-01-18,
1386,2405,BARÓMETRO DE DICIEMBRE 2000: EXPECTATIVAS 2001,2000-12-16,
1385,2402,BARÓMETRO DE NOVIEMBRE 2000,2000-11-23,
1383,2400,BARÓMETRO DE OCTUBRE 2000,2000-10-17,
1382,2398,BARÓMETRO DE SEPTIEMBRE 2000,2000-09-23,
1381,2396,BARÓMETRO DE JULIO 2000,2000-07-13,
1379,2394,BARÓMETRO DE JUNIO 2000,2000-06-23,
1378,2392,BARÓMETRO DE MAYO 2000: UNIÓN EUROPEA,2000-05-25,
1376,2389,BARÓMETRO DE ABRIL 2000,2000-04-29,
1375,2387,BARÓMETRO DE MARZO 2000: CULTURA POLÍTICA,2000-03-23,
1371,2383,BARÓMETRO DE FEBRERO 2000,2000-02-25,
1369,2381,BARÓMETRO DE ENERO 2000,2000-01-27,
1365,2377,BARÓMETRO DE DICIEMBRE 1999: EXPECTATIVAS 2000,1999-12-16,
1364,2376,BARÓMETRO DE NOVIEMBRE 1999,1999-11-26,
1360,2372,BARÓMETRO DE OCTUBRE 1999,1999-10-22,
1357,2369,BARÓMETRO DE SEPTIEMBRE 1999,1999-09-24,
1356,2367,BARÓMETRO DE JULIO 1999,1999-07-09,
1353,2364,BARÓMETRO DE JUNIO 1999,1999-06-26,
1328,2339,BARÓMETRO DE MAYO 1999: UNIÓN EUROPEA,1999-05-27,
1313,2324,BARÓMETRO DE ABRIL 1999,1999-04-24,
1311,2322,BARÓMETRO DE MARZO 1999,1999-03-24,
1309,2320,BARÓMETRO DE FEBRERO 1999,1999-02-24,
1305,2316,BARÓMETRO DE ENERO 1999,1999-01-27,
1302,2313,BARÓMETRO DE DICIEMBRE 1998: EXPECTATIVAS 1999,1998-12-18,
1300,2311,BARÓMETRO DE NOVIEMBRE 1998,1998-11-26,
1296,2307,BARÓMETRO DE OCTUBRE 1998,1998-10-26,
1292,2303,BARÓMETRO DE SEPTIEMBRE 1998,1998-09-25,
1283,2294,BARÓMETRO DE JULIO 1998,1998-07-09,
1280,2291,BARÓMETRO DE JUNIO 1998,1998-06-20,
1277,2288,BARÓMETRO DE MAYO 1998: UNIÓN EUROPEA,1998-05-22,
1274,2285,BARÓMETRO DE ABRIL 1998,1998-04-25,
1272,2283,BARÓMETRO DE MARZO 1998,1998-03-27,
1267,2278,BARÓMETRO DE FEBRERO 1998,1998-02-20,
1263,2274,BARÓMETRO DE ENERO 1998,1998-01-23,
1260,2271,BARÓMETRO DE DICIEMBRE 1997: EXPECTATIVAS 1998,1997-12-17,
1256,2267,BARÓMETRO DE NOVIEMBRE 1997,1997-11-20,
1253,2264,BARÓMETRO DE OCTUBRE 1997,1997-10-24,
1248,2259,BARÓMETRO DE SEPTIEMBRE 1997,1997-09-26,
1243,2254,BARÓMETRO DE JULIO 1997,1997-07-11,
1241,2252,BARÓMETRO DE JUNIO 1997,1997-06-20,
1237,2248,BARÓMETRO DE MAYO 1997,1997-05-23,
1233,2244,BARÓMETRO DE ABRIL 1997,1997-04-23,
1231,2242,BARÓMETRO DE MARZO 1997,1997-03-19,
1227,2238,BARÓMETRO DE FEBRERO 1997,1997-02-22,
1222,2233,BARÓMETRO DE ENERO 1997,1997-01-23,
1221,2231,BARÓMETRO DE DICIEMBRE 1996,1996-12-16,
1219,2229,BARÓMETRO DE NOVIEMBRE 1996,1996-11-22,
1215,2225,BARÓMETRO DE OCTUBRE 1996,1996-10-25,
1212,2222,BARÓMETRO DE SEPTIEMBRE 1996,1996-09-27,
1210,2220,BARÓMETRO DE JULIO 1996,1996-07-17,
1207,2217,BARÓMETRO DE JUNIO 1996,1996-06-22,
1205,2215,BARÓMETRO DE MAYO 1996,1996-05-28,
1202,2212,BARÓMETRO DE ABRIL 1996,1996-04-13,
1201,2211,BARÓMETRO DE MARZO 1996,1996-03-27,
1198,2208,BARÓMETRO DE FEBRERO 1996,1996-02-27,
1194,2204,BARÓMETRO DE ENERO 1996: UNIÓN EUROPEA,1996-01-10,
1191,2201,BARÓMETRO DE DICIEMBRE 1995,1995-12-09,
1187,2197,BARÓMETRO DE NOVIEMBRE 1995,1995-11-08,
1184,2194,BARÓMETRO DE OCTUBRE 1995,1995-10-17,
1180,2190,BARÓMETRO DE SEPTIEMBRE 1995,1995-09-13,
1178,2188,BARÓMETRO DE JULIO 1995: UNIÓN EUROPEA,1995-07-12,
1174,2184,BARÓMETRO DE JUNIO 1995,1995-06-25,
1171,2181,BARÓMETRO DE MAYO 1995,1995-05-25,
1146,2156,BARÓMETRO DE ABRIL 1995,1995-04-19,
1141,2151,BARÓMETRO DE MARZO 1995,1995-03-19,
1122,2132,BARÓMETRO DE FEBRERO 1995,1995-02-02,
1120,2130,BARÓMETRO DE ENERO 1995,1995-01-12,
1117,2127,BARÓMETRO DE DICIEMBRE 1994,1994-12-01,
1113,2122,BARÓMETRO DE NOVIEMBRE 1994,1994-11-10,
1109,2118,BARÓMETRO DE OCTUBRE 1994,1994-10-19,
1106,2115,BARÓMETRO DE SEPTIEMBRE 1994,1994-09-20,
1101,2110,BARÓMETRO DE JULIO 1994,1994-07-01,
1099,2108,BARÓMETRO DE JUNIO 1994: POSTELECTORAL PARLAMENTO EUROPEO 1994,1994-06-16,
1091,2100,BARÓMETRO DE MAYO 1994,1994-05-12,
1079,2087,BARÓMETRO DE ABRIL 1994,1994-04-06,
1077,2085,BARÓMETRO DE MARZO 1994,1994-03-18,
1075,2083,BARÓMETRO DE FEBRERO 1994,1994-02-22,
1069,2077,BARÓMETRO DE ENERO 1994,1994-01-12,
1068,2076,BARÓMETRO DE DICIEMBRE 1993,1993-12-16,
1065,2073,BARÓMETRO DE NOVIEMBRE 1993,1993-11-26,
1060,2068,BARÓMETRO DE OCTUBRE 1993,1993-10-13,
1058,2066,BARÓMETRO DE SEPTIEMBRE 1993,1993-09-21,
1057,2065,BARÓMETRO DE JULIO 1993,1993-07-19,
1054,2062,BARÓMETRO DE JUNIO 1993,1993-06-25,
1051,2059,BARÓMETRO DE MAYO 1993,1993-05-15,
1047,2055,BARÓMETRO DE ABRIL 1993: PREELECTORAL ELECCIONES GENERALES 1993 (II),1993-04-23,
1042,2050,BARÓMETRO DE MARZO 1993,1993-03-15,
1040,2048,BARÓMETRO DE FEBRERO 1993: SITUACIÓN SOCIAL Y POLÍTICA EN ESPAÑA,1993-02-08,
1038,2046,BARÓMETRO DE FEBRERO 1993: DESIGUALDAD,1993-02-01,
1037,2045,BARÓMETRO DE ENERO 1993: EXPECTATIVAS,1993-01-14,
1036,2044,BARÓMETRO DE DICIEMBRE 1992,1992-12-15,
14410,2042,BARÓMETRO DE NOVIEMBRE 1992,1992-11-01,
14412,2023,BARÓMETRO DE OCTUBRE 1992,1992-10-09,
1010,2018,BARÓMETRO DE SEPTIEMBRE 1992,1992-09-08,
1008,2016,BARÓMETRO DE JULIO 1992,1992-07-09,
1005,2013,BARÓMETRO DE JUNIO 1992,1992-06-16,
999,2007,BARÓMETRO DE MAYO 1992,1992-05-05,
994,2002,BARÓMETRO DE ABRIL 1992,1992-04-24,
988,1996,BARÓMETRO DE MARZO 1992: ABORTO,1992-03-07,
985,1993,BARÓMETRO DE FEBRERO 1992,1992-02-27,
981,1989,BARÓMETRO DE ENERO 1992,1992-01-29,
976,1984,BARÓMETRO DE DICIEMBRE 1991,1991-12-01,
972,1980,BARÓMETRO DE NOVIEMBRE 1991,1991-11-22,
971,1979,BARÓMETRO DE OCTUBRE 1991,1991-10-19,
969,1977,BARÓMETRO DE SEPTIEMBRE 1991,1991-09-18,
964,1972,BARÓMETRO DE JULIO 1991,1991-07-01,
962,1970,BARÓMETRO DE JUNIO 1991,1991-06-01,
958,1966,BARÓMETRO DE MAYO 1991,1991-05-22,
954,1962,BARÓMETRO DE ABRIL 1991,1991-04-17,
905,1913,BARÓMETRO DE ENERO 1991: CONFLICTO ARMADO EN ORIENTE MEDIO (I),1991-01-21,
902,1910,BARÓMETRO DE DICIEMBRE 1990,1990-12-18,
898,1906,BARÓMETRO DE NOVIEMBRE 1990: XXXII CONGRESO DEL PSOE,1990-11-22,
893,1901,BARÓMETRO DE OCTUBRE 1990,1990-10-18,
875,1883,BARÓMETRO DE SEPTIEMBRE 1990,1990-09-18,
873,1881,BARÓMETRO DE JULIO 1990,1990-07-12,
868,1876,BARÓMETRO DE JUNIO 1990,1990-06-21,
863,1871,BARÓMETRO DE MAYO 1990,1990-05-17,
862,1870,BARÓMETRO DE ABRIL 1990,1990-04-01,
856,1864,BARÓMETRO DE MARZO 1990,1990-03-26,
852,1860,BARÓMETRO DE FEBRERO 1990,1990-02-19,
850,1858,BARÓMETRO DE ENERO 1990,1990-01-19,
842,1850,BARÓMETRO DE DICIEMBRE 1989: INVESTIDURA DEL PRESIDENTE DEL GOBIERNO D. FELIPE GONZÁLEZ (II),1989-12-14,
837,1845,BARÓMETRO DE NOVIEMBRE 1989,1989-11-18,
831,1839,BARÓMETRO DE SEPTIEMBRE 1989,1989-09-16,
811,1819,BARÓMETRO DE JULIO 1989,1989-07-15,
808,1816,BARÓMETRO DE JUNIO 1989,1989-06-17,
800,1808,BARÓMETRO DE MAYO 1989,1989-05-11,
793,1801,BARÓMETRO DE ABRIL 1989,1989-04-06,
790,1798,BARÓMETRO DE MARZO 1989,1989-03-14,
783,1791,BARÓMETRO DE FEBRERO 1989,1989-02-10,
777,1785,BARÓMETRO DE ENERO 1989,1989-01-10,
770,1778,BARÓMETRO DE DICIEMBRE 1988,1988-12-01,
765,1773,BARÓMETRO DE NOVIEMBRE 1988,1988-11-11,
759,1767,BARÓMETRO DE OCTUBRE 1988,1988-10-13,
14787,1763,BARÓMETRO DE SEPTIEMBRE 1988,1988-09-15,
753,1761,BARÓMETRO DE JULIO 1988: CAMBIO DE GOBIERNO,1988-07-14,
743,1751,BARÓMETRO DE JUNIO 1988,1988-06-03,
737,1745,BARÓMETRO DE MAYO 1988,1988-05-11,
732,1740,BARÓMETRO DE ABRIL 1988,1988-04-20,
728,1736,BARÓMETRO DE MARZO 1988,1988-03-08,
722,1730,BARÓMETRO DE FEBRERO 1988,1988-02-12,
717,1725,BARÓMETRO DE ENERO 1988,1988-01-22,
715,1723,BARÓMETRO DE DICIEMBRE 1987,1987-12-19,
704,1712,BARÓMETRO DE NOVIEMBRE 1987,1987-11-14,
699,1707,BARÓMETRO DE OCTUBRE 1987,1987-10-10,
690,1699,BARÓMETRO DE SEPTIEMBRE 1987,1987-09-17,
688,1697,BARÓMETRO DE JULIO 1987,1987-07-22,
686,1695,BARÓMETRO DE JUNIO 1987,1987-06-01,
645,1654,BARÓMETRO DE MAYO 1987,1987-05-22,
617,1626,BARÓMETRO DE ABRIL 1987,1987-04-21,
605,1614,BARÓMETRO DE MARZO 1987,1987-03-24,
587,1597,BARÓMETRO DE FEBRERO 1987,1987-02-12,
585,1595,BARÓMETRO DE ENERO 1987,1987-01-29,
557,1567,BARÓMETRO DE DICIEMBRE 1986,1986-12-01,
549,1559,BARÓMETRO DE NOVIEMBRE 1986,1986-11-14,
542,1552,BARÓMETRO DE OCTUBRE 1986,1986-10-19,
535,1545,BARÓMETRO DE SEPTIEMBRE 1986,1986-09-18,
515,1525,BARÓMETRO DE ABRIL 1986,1986-04-16,
507,1517,BARÓMETRO DE FEBRERO 1986,1986-02-01,
494,1504,BARÓMETRO DE ENERO 1986,1986-01-01,
488,1498,BARÓMETRO DE DICIEMBRE 1985: REFERÉNDUM SOBRE LA ALIANZA ATLÁNTICA (I),1985-12-13,
482,1492,BARÓMETRO DE NOVIEMBRE 1985: TRES AÑOS DE GOBIERNO SOCIALISTA,1985-11-01,
468,1478,BARÓMETRO DE OCTUBRE 1985,1985-10-01,
462,1472,BARÓMETRO DE SEPTIEMBRE 1985,1985-09-10,
461,1471,BARÓMETRO DE JULIO 1985,1985-07-17,
453,1463,BARÓMETRO DE JUNIO 1985: POLÍTICA EXTERIOR,1985-06-07,
450,1460,BARÓMETRO DE MAYO 1985,1985-05-01,
446,1456,BARÓMETRO DE ABRIL 1985,1985-04-01,
443,1453,BARÓMETRO DE MARZO 1985,1985-03-13,
434,1444,BARÓMETRO DE DICIEMBRE 1984,1984-12-20,
429,1439,BARÓMETRO DE NOVIEMBRE 1984: DOS AÑOS DE GOBIERNO SOCIALISTA,1984-11-01,
426,1436,BARÓMETRO DE OCTUBRE 1984,1984-10-27,
418,1428,BARÓMETRO DE SEPTIEMBRE 1984,1984-09-01,
413,1423,BARÓMETRO DE JULIO 1984,1984-07-23,
408,1418,BARÓMETRO DE JUNIO 1984,1984-06-01,
406,1416,BARÓMETRO DE MAYO 1984,1984-05-01,
401,1411,BARÓMETRO DE ABRIL 1984,1984-04-01,
396,1406,BARÓMETRO DE MARZO 1984,1984-03-01,
391,1401,BARÓMETRO DE FEBRERO 1984,1984-02-01,
380,1390,BARÓMETRO DE ENERO 1984,1984-01-01,
374,1383,BARÓMETRO DE DICIEMBRE 1983,1983-12-30,
362,1371,BARÓMETRO DE NOVIEMBRE 1983,1983-11-09,
359,1368,BARÓMETRO DE OCTUBRE 1983,1983-10-01,
352,1361,BARÓMETRO DE JULIO 1983,1983-07-01,
351,1360,BARÓMETRO DE JUNIO 1983,1983-06-01,
342,1350,BARÓMETRO DE MAYO 1983,1983-05-01,
336,1344,BARÓMETRO DE MARZO 1983,1983-03-01,
333,1341,BARÓMETRO DE FEBRERO 1983,1983-02-01,
317,1325,BARÓMETRO DE OCTUBRE 1982,1982-10-01,
315,1323,BARÓMETRO DE SEPTIEMBRE 1982,1982-09-01,
312,1320,BARÓMETRO DE JULIO 1982,1982-07-08,
311,1319,BARÓMETRO DE JUNIO 1982,1982-06-01,
301,1309,BARÓMETRO DE ABRIL 1982,1982-04-01,
296,1303,BARÓMETRO DE MARZO 1982,1982-03-23,
293,1300,BARÓMETRO DE FEBRERO 1982,1982-02-23,
291,1299,BARÓMETRO DE ENERO 1982,1982-01-01,
288,1296,BARÓMETRO DE NOVIEMBRE 1981,1981-11-28,
283,1291,BARÓMETRO DE OCTUBRE 1981,1981-10-01,
277,1285,BARÓMETRO DE SEPTIEMBRE 1981,1981-09-09,
275,1283,BARÓMETRO DE JULIO 1981,1981-07-01,
272,1280,BARÓMETRO DE MAYO 1981,1981-05-01,
271,1279,BARÓMETRO DE ABRIL 1981,1981-04-28,
269,1277,BARÓMETRO DE MARZO 1981,1981-03-01,
266,1274,BARÓMETRO DE FEBRERO 1981,1981-02-01,
256,1264,BARÓMETRO DE ENERO 1981,1981-01-01,
250,1258,BARÓMETRO DE DICIEMBRE 1980,1980-12-01,
248,1256,BARÓMETRO DE NOVIEMBRE 1980,1980-11-01,
242,1250,BARÓMETRO DE OCTUBRE 1980,1980-10-01,
232,1240,BARÓMETRO DE SEPTIEMBRE 1980,1980-09-01,
228,1236,BARÓMETRO DE JUNIO 1980,1980-06-01,
224,1232,BARÓMETRO DE MAYO 1980,1980-05-01,
221,1229,BARÓMETRO DE ABRIL 1980,1980-04-01,
216,1224,BARÓMETRO DE MARZO 1980,1980-03-01,
210,1218,BARÓMETRO DE FEBRERO 1980,1980-02-01,
200,1208,BARÓMETRO DE ENERO 1980,1980-01-01,
197,1205,BARÓMETRO DE DICIEMBRE 1979,1979-12-01,
195,1203,BARÓMETRO DE NOVIEMBRE 1979,1979-11-01,
191,1199,BARÓMETRO DE OCTUBRE 1979,1979-10-01,
188,1196,BARÓMETRO DE SEPTIEMBRE 1979,1979-09-10,
185,1193,BARÓMETRO DE JULIO 1979,1979-07-01,
181,1189,BARÓMETRO DE JUNIO 1979,1979-06-01,
